X,N_fields,N_trivial,P_trivial,E_xuzhu_trivial,E_conditional_trivial,N_C3,P_C3,E_xuzhu_C3,E_conditional_C3,N_C9,P_C9,E_xuzhu_C9,E_conditional_C9,N_C3xC3,P_C3xC3,E_xuzhu_C3xC3,E_conditional_C3xC3
1000,305,221,0.7245901639344262,50.74208838619981,50.161546231975734,72,0.2360655737704918,-13.128955806900095,-13.419226884012133,11,0.036065573770491806,-17.37631860230003,-17.473075628004043,0,0.0,-3.547039825287504,-3.5591344535005054
1064,327,238,0.72782874617737,56.84558204291659,54.83877251756087,76,0.2324159021406728,-14.577208978541705,-15.580613741219565,12,0.03669724770642202,-18.19240299284723,-18.52687124707319,0,0.0,-3.774050374105904,-3.8158589058841486
1133,346,252,0.7283236994219653,59.0977861415644,58.196377036929846,80,0.23121387283236994,-16.4511069292178,-16.901811481535077,13,0.03757225433526012,-19.150368976405936,-19.300603827178357,0,0.0,-4.018796122050742,-4.037575478397295
1206,366,264,0.7213114754098361,58.66895859375697,58.993855478370875,85,0.23224043715846995,-17.665520703121516,-17.503072260814562,16,0.04371584699453552,-18.221840234373836,-18.16769075360485,0,0.0,-4.2777300292967295,-4.2709613442006065
1284,392,280,0.7142857142857143,61.38884148788057,60.43057745224422,93,0.2372448979591837,-16.305579256059715,-16.78471127387789,17,0.04336734693877551,-19.43519308535324,-19.594903757959294,0,0.0,-4.554399135669155,-4.574362969744912
1366,415,292,0.7036144578313253,59.42769273554893,59.54767765990141,101,0.2433734939759036,-15.286153632225535,-15.226161170049295,20,0.04819277108433735,-18.762051210741845,-18.742053723349763,0,0.0,-4.845256401342731,-4.84275671541872
1455,443,310,0.6997742663656885,62.27473860192072,61.864147477918834,107,0.24153498871331827,-16.86263069903964,-17.067926261040583,23,0.05191873589164785,-18.287543566346542,-18.35597542034686,0,0.0,-5.160942945793318,-5.169496927543357
1548,471,333,0.7070063694267515,69.4407528218373,69.18061729593626,112,0.23779193205944799,-19.779623589081353,-19.90969135203187,23,0.04883227176220807,-20.926541196360446,-20.969897117343947,0,0.0,-5.490817649545056,-5.496237139667993
1648,503,353,0.7017892644135189,72.41496166045727,71.25658280224195,121,0.24055666003976142,-19.292519169771367,-19.871708598879025,25,0.04970178926441352,-21.76417305659045,-21.957236199626344,0,0.0,-5.845521632073806,-5.869654524953293
1755,537,377,0.702048417132216,78.19736511778069,76.21229615269169,128,0.2383612662942272,-21.401317441109654,-22.393851923654154,28,0.0521415270018622,-21.800439147036556,-22.13128397455138,0,0.0,-6.2250548933795695,-6.2664104968189225
1868,571,404,0.7075306479859895,85.95822110542127,84.16800950314143,133,0.2329246935201401,-26.020889447289363,-26.915995248429283,29,0.050788091068301226,-24.006963149096457,-24.305331749476423,0,0.0,-6.625870393637057,-6.663166468684553
1988,607,426,0.7018121911037891,87.52727171176525,86.00347069773528,143,0.2355848434925865,-26.236364144117374,-26.99826465113236,32,0.05271828665568369,-24.412121381372458,-24.666088217044113,0,0.0,-7.051515172671557,-7.083261027130514
2117,644,452,0.7018633540372671,91.564001113585,91.27880581440121,148,0.22981366459627328,-32.2179994432075,-32.360597092799395,37,0.05745341614906832,-23.072666481069163,-23.12019903093313,0,0.0,-7.509083310133645,-7.515024878866641
2253,688,480,0.6976744186046512,96.40892513410819,94.63325838557148,161,0.23401162790697674,-30.795537432945906,-31.68337080721426,40,0.05813953488372093,-23.93184581098197,-24.22779026907142,0,0.0,-7.991480726372746,-8.028473783633927
2398,731,510,0.6976744186046512,101.72152795010714,100.54783703466967,170,0.23255813953488372,-34.13923602494643,-34.726081482665165,44,0.060191518467852256,-24.04641200831547,-24.242027160888384,0,0.0,-8.505801501039434,-8.530253395111048
2553,776,541,0.6971649484536082,106.3315516499681,106.34216352791202,182,0.2345360824742268,-35.33422417501595,-35.32891823604399,46,0.059278350515463915,-26.444741391671982,-26.442972745348,0,0.0,-9.055592673958998,-9.0553715931685
2718,827,573,0.6928657799274486,110.23899623369107,109.77573355358663,200,0.2418379685610641,-31.380501883154466,-31.612133223206683,47,0.056831922611850064,-30.12683396105149,-30.20404440773555,0,0.0,-9.640854245131436,-9.650505550966944
2893,879,604,0.6871444823663254,111.44386170127603,111.64917750133333,217,0.24687144482366324,-29.278069149361983,-29.175411249333337,50,0.05688282138794084,-32.09268971645399,-32.058470416444436,0,0.0,-10.261586214556749,-10.257308802055555
3080,937,643,0.6862326574172892,118.60563222949543,118.16186498151228,232,0.24759871931696906,-30.197183885252286,-30.41906750924386,53,0.05656350053361793,-34.399061295084095,-34.47302250308128,0,0.0,-10.924882661885512,-10.93412781288516
3278,997,684,0.6860581745235708,125.894565729963,125.55430030583545,247,0.2477432296890672,-32.0527171350185,-32.22284984708227,56,0.05616850551654965,-37.017572378339494,-37.07428328236077,0,0.0,-11.627196547292437,-11.634285410295096
3490,1060,729,0.6877358490566038,134.79988846783738,135.2663573963747,262,0.24716981132075472,-35.10005576608131,-34.86682130181265,58,0.05471698113207547,-41.03335192202711,-40.955607100604226,0,0.0,-12.379168990253389,-12.369450887575528
3715,1131,773,0.6834659593280283,140.49185835473224,139.49740586349026,275,0.24314765694076038,-41.25407082263388,-41.75129706825487,70,0.0618921308576481,-35.41802360754461,-35.58376568941827,0,0.0,-13.177252950943076,-13.197970711177284
3955,1204,821,0.6818936877076412,147.6299595674202,146.6082021747501,297,0.24667774086378738,-39.6850202162899,-40.195898912624955,71,0.058970099667774084,-41.228340072096614,-41.398632970874985,1,0.0008305647840531562,-13.028542509012077,-13.049829121359373
4210,1279,869,0.6794370602032838,152.21419210590125,152.59874633015397,319,0.24941360437842064,-39.392903947049376,-39.200626834923014,74,0.05785770132916341,-45.46430131568313,-45.40020894497434,2,0.001563721657544957,-12.933037664460391,-12.925026118121792
4481,1362,926,0.6798825256975036,163.07429805856134,163.10828186213428,337,0.2474302496328928,-44.46285097071933,-44.44585906893286,82,0.06020558002936858,-45.15428365690643,-45.14861968964429,2,0.0014684287812041115,-13.894285457113304,-13.893577461205536
4770,1453,981,0.6751548520302821,168.86976160217307,167.1368087706909,364,0.2505161734342739,-42.065119198913465,-42.931595614654555,90,0.06194081211286993,-45.355039732971136,-45.64386520488483,2,0.0013764624913971094,-14.919379966621392,-14.955483150610604
5078,1546,1038,0.6714100905562742,173.43032482512263,172.04508352339167,390,0.2522639068564036,-42.28483758743869,-42.977458238304166,99,0.06403622250970246,-45.09494586247956,-45.32581941276803,2,0.00129366106080207,-16.011868232809945,-16.040727426596003
5406,1648,1100,0.6674757281553398,179.58572981579618,176.912223574741,423,0.2566747572815534,-37.20713509210191,-38.5438882126295,106,0.06432038834951456,-47.40237836403395,-47.847962737543156,2,0.0012135922330097086,-17.175297295504244,-17.230995342192895
5754,1753,1172,0.6685681688533942,192.33597657419375,190.09898539230642,446,0.25442099258414147,-43.832011712903125,-44.95050730384679,114,0.06503137478608101,-49.277337237634384,-49.65016910128227,2,0.0011409013120365088,-18.409667154704298,-18.456271137660284
6126,1864,1237,0.6636266094420601,194.00003345385994,192.9249907423041,477,0.25590128755364805,-44.49998327307003,-45.037504628847955,125,0.06706008583690987,-48.83332775768997,-49.01250154294931,2,0.001072961373390558,-19.729165969711246,-19.751562692868664
6521,1986,1313,0.6611278952668681,202.74815836640892,200.58960923509449,511,0.25730110775427995,-44.12592081679554,-45.20519538245276,136,0.06847935548841894,-49.041973605598486,-49.40173179415092,2,0.0010070493454179255,-21.13024670069981,-21.175216474268865
6941,2107,1387,0.65828191741813,205.23983548861293,206.81435380581274,541,0.25676317038443286,-49.88008225569354,-49.09282309709363,148,0.0702420503084955,-48.96002741856452,-48.69760769903121,3,0.0014238253440911248,-21.620003427320565,-21.5872009623789
7389,2244,1487,0.6626559714795008,228.9642910856303,230.07708112968362,566,0.2522281639928699,-63.01785445718485,-62.46145943515819,159,0.07085561497326204,-50.67261815239493,-50.4871531450527,3,0.001336898395721925,-23.209077269049367,-23.185894143131588
7866,2390,1582,0.6619246861924686,242.75126724584766,243.29867375220329,599,0.2506276150627615,-70.62436637707617,-70.35066312389836,174,0.07280334728033473,-49.20812212569203,-49.11688770796613,3,0.0012552301255230125,-24.901015265711504,-24.889610963495766
8373,2546,1681,0.6602513747054203,255.43050605765097,254.9190055954432,641,0.25176747839748626,-71.78474697117451,-72.0404972022784,187,0.07344854673998429,-50.59491565705815,-50.68016573409278,3,0.001178318931657502,-26.69936445713227,-26.710020716761598
8913,2710,1788,0.6597785977859778,270.491233786199,270.05832881525976,677,0.24981549815498155,-81.75438310690049,-81.97083559237012,204,0.07527675276752767,-48.91812770230018,-48.99027853079002,4,0.0014760147601476014,-27.614765962787523,-27.623784816348753
9488,2886,1893,0.6559251559251559,277.5929346082637,276.47613909994084,728,0.25225225225225223,-79.70353269586815,-80.26193045002958,220,0.07623007623007623,-49.234510898622716,-49.42064348334321,4,0.001386001386001386,-29.65431386232784,-29.6775804354179
10100,3074,2020,0.657124268054652,300.3950927006181,298.17243644948644,770,0.2504879635653871,-89.80245364969096,-90.91378177525678,233,0.07579700715679896,-53.60081788323032,-53.97126059175224,5,0.0016265452179570592,-30.82510223540379,-30.87140757396903
10751,3271,2136,0.6530113115255274,305.55719224003406,303.8275990976806,828,0.2531335982879853,-87.22140387998297,-88.0862004511597,251,0.07673494344237236,-54.07380129332762,-54.36206681705323,5,0.001528584530724549,-33.13422516166595,-33.170258352131654
11445,3479,2266,0.651336590974418,317.3982015800568,317.3213748886674,882,0.2535211267605634,-92.30089920997159,-92.33931255566631,267,0.07674619143432021,-57.76696640332386,-57.77977085188877,5,0.0014371945961483186,-35.59587080041548,-35.597471356486096
12183,3705,2406,0.6493927125506073,331.7478628090721,330.73288127695105,933,0.25182186234817816,-104.12606859546395,-104.63355936152448,289,0.07800269905533064,-56.70868953182128,-56.87785312050812,7,0.0018893387314439945,-36.21358619147766,-36.234731640063515
12969,3945,2567,0.6506970849176172,358.9251442806253,357.3026225742433,982,0.24892268694550063,-122.03742785968734,-122.84868871287836,313,0.07934093789607098,-55.012475953229114,-55.28289623762606,7,0.0017743979721166034,-39.00155949415364,-39.03536202970326
13805,4201,2714,0.646036657938586,363.5895301714886,360.9103466246888,1059,0.252082837419662,-116.2052349142557,-117.54482668765559,341,0.08117114972625565,-50.73507830475194,-51.18160889588523,7,0.0016662699357295882,-41.96688478809399,-42.022701111985654
14696,4470,2892,0.6469798657718121,389.8897309235922,388.2364316620706,1116,0.24966442953020135,-135.0551345382039,-135.8817841689647,368,0.08232662192393736,-49.018378179401225,-49.29392805632159,7,0.0015659955257270694,-45.12729727242515,-45.1617410070402
15643,4755,3077,0.6471083070452156,413.6554886253234,413.60049945260516,1184,0.24900105152471083,-147.6722556873383,-147.69975027369742,392,0.08243953732912723,-51.890751895779374,-51.89991675789912,8,0.0016824395373291271,-47.48634398697242,-47.48748959473739
16652,5062,3264,0.6448044251284077,428.86525580699936,428.641793528725,1269,0.25069142631371,-148.56737209650032,-148.6791032356375,419,0.08277360726985382,-53.52245736550009,-53.5597010785458,9,0.0017779533781114183,-50.06530717068751,-50.069962634818225
17726,5390,3469,0.6435992578849722,451.0082587337779,449.9204399683581,1345,0.24953617810760667,-163.99587063311105,-164.53978001582095,451,0.0836734693877551,-51.99862354437033,-52.179926671940336,10,0.0018552875695732839,-52.87482794304629,-52.89749083399254
18870,5737,3690,0.6431933066062402,477.2332078475906,476.5566909273598,1428,0.24891058044274011,-178.3833960762047,-178.7216545363201,480,0.0836674219975597,-55.461132025401525,-55.573884845440034,11,0.0019173784207774098,-55.93264150317519,-55.946735605680004
20087,6107,3932,0.6438513181594891,512.0293294135954,511.3100420940191,1503,0.246111020140822,-206.9853352932023,-207.34497895299046,515,0.08432945799901752,-54.99511176440069,-55.114992984330115,13,0.002128704765023743,-58.249388970550086,-58.264374123041264
21382,6495,4196,0.6460354118552732,555.5453338737243,557.981123857975,1592,0.24511162432640493,-228.22733306313785,-227.00943807101248,543,0.0836027713625866,-63.742444354379245,-63.33647935700412,16,0.0024634334103156275,-59.842805544297406,-59.792059919625515
22761,6919,4449,0.6430119959531724,573.759673758294,573.4876668165248,1698,0.24541118658765718,-239.62016312085302,-239.7561665917376,591,0.08541696776990895,-54.87338770695101,-54.91872219724587,20,0.0028905911258852437,-60.734173463368876,-60.739840274655734
24230,7367,4734,0.6425953576761233,608.6508015976215,607.551183904804,1814,0.24623320211755123,-248.67459920118927,-249.224408047598,627,0.08510927107370707,-60.55819973372968,-60.74146934919929,22,0.002986290213112529,-63.94477496671621,-63.96768366864991
25792,7842,5027,0.6410354501402703,635.7079436568656,634.4912968890285,1937,0.2470033154807447,-258.6460281715672,-259.25435155548575,677,0.08633001785258862,-54.8820093905224,-55.08478385182855,26,0.0033154807447079828,-65.4852511738153,-65.51059798147857
27456,8351,5348,0.6404023470243084,673.3987787315018,670.3871232237025,2069,0.24775475990899293,-268.3006106342491,-269.80643838814876,715,0.08561848880373608,-64.10020354474966,-64.60214612938285,30,0.003592384145611304,-67.38752544309371,-67.45026826617286
29227,8889,5683,0.6393295083811452,706.8720172634621,704.039293298466,2205,0.24805939925750928,-283.06399136826894,-284.480353350767,757,0.08516143548205647,-72.35466378942294,-72.82678445025556,35,0.0039374507818652265,-68.66933297367787,-68.72834805628194
31112,9463,6049,0.6392264609531861,751.9358538714487,748.5269245678237,2343,0.24759589982035296,-305.53207306427566,-307.23653771608815,810,0.08559653386875198,-72.84402435475852,-73.41217923869601,35,0.003698615660995456,-75.35550304434481,-75.426522404837
33118,10070,6417,0.6372393247269116,778.3984831741654,776.5303952655595,2510,0.24925521350546176,-309.3007584129173,-310.23480236722025,858,0.08520357497517378,-81.76691947097243,-82.07826745574005,40,0.003972194637537239,-77.47086493387155,-77.5097834319675
35254,10721,6834,0.637440537263315,831.7275839670883,828.8883185344648,2658,0.2479246338960918,-343.13620801645584,-344.5558407327676,920,0.0858128905885645,-80.37873600548528,-80.85194691092249,44,0.004104094767279172,-81.04734200068566,-81.10649336386531
37528,11410,7249,0.6353198948290972,859.5610929573068,857.9614508421082,2846,0.24943032427695006,-348.7194535213466,-349.5192745789459,981,0.08597721297107801,-83.90648450711547,-84.17309152631515,49,0.004294478527607362,-84.11331056338943,-84.1466364407894
39949,12145,7725,0.6360642239604776,923.3666889402966,922.2687835650659,3014,0.2481679703581721,-386.8166555298517,-387.36560821746707,1041,0.08571428571428572,-92.60555184328382,-92.78853607248902,53,0.004363935776039523,-88.70069398041048,-88.72356700906113
42525,12926,8206,0.6348444994584558,965.7823086231474,965.8103167033387,3218,0.24895559337768838,-402.1088456884263,-402.09484164833066,1104,0.08540925266903915,-102.70294856280884,-102.69828054944355,60,0.004641807210273866,-90.8378685703511,-90.83728506868044
45268,13757,8738,0.6351675510649124,1030.7648570664933,1032.3455459452134,3420,0.24860071236461437,-433.61757146675336,-432.8272270273933,1167,0.08482954132441665,-117.53919048891771,-117.27574234246435,67,0.004870247873809697,-93.56739881111471,-93.53446779280804
48188,14647,9292,0.6343961220727794,1087.6117551541956,1087.8333365893395,3647,0.24899296784324434,-455.1941224229022,-455.08333170533024,1239,0.08459070116747457,-128.39804080763383,-128.36111056844334,72,0.004915682392298764,-98.92475510095423,-98.92013882105542
51296,15593,9877,0.6334252549220805,1143.450165858505,1142.9540668695008,3887,0.24927852241390366,-479.7749170707475,-480.0229665652496,1320,0.08465337010196883,-135.59163902358227,-135.67432218841668,80,0.005130507278907202,-101.94895487794778,-101.95929027355209
54604,16596,10490,0.6320800192817546,1193.2369942400546,1194.147610707767,4167,0.25108459869848154,-481.3815028799727,-480.9261946461165,1395,0.08405639913232105,-154.4605009599909,-154.30873154870528,88,0.005302482525909858,-105.68256261999886,-105.66359144358816
58126,17666,11144,0.6308162572172534,1247.5886295362507,1248.8127073248634,4446,0.2516698743348806,-502.20568523187467,-501.5936463375683,1488,0.08422959356956866,-161.40189507729156,-161.19788211252285,92,0.005207743688441073,-114.17523688466144,-114.14973526406536
61875,18812,11842,0.6294918137359132,1307.2917188961128,1304.908222019434,4741,0.25201998724218583,-526.3541405519436,-527.545888990283,1597,0.08489262173081012,-158.78471351731446,-159.18196299676083,96,0.005103125664469487,-123.47308918966431,-123.5227453745951
65866,20032,12611,0.629542731629393,1396.7923936454372,1390.5544069473362,5038,0.2514976038338658,-569.1038031772814,-572.2227965263319,1695,0.08461461661341853,-174.0346010590938,-175.074265508777,105,0.005241613418530352,-128.62932513238673,-128.75928318859712
70114,21318,13398,0.628482972136223,1460.5367851100127,1457.2322707319945,5371,0.25194671169903365,-597.7316074449936,-599.3838646340027,1814,0.08509241016980955,-175.57720248166424,-176.12795487800076,107,0.00501923257341214,-141.69715031020803,-141.7659943597501
74636,22693,14268,0.6287401401313181,1560.6305087924084,1557.058913581066,5699,0.2511347111444058,-654.6847456037958,-656.470543209467,1926,0.08487198695633015,-191.89491520126512,-192.49018106982203,113,0.004979509099722381,-151.73686440015814,-151.81127263372775
79450,24156,15134,0.6265110117569134,1607.008922283574,1603.5944615724766,6065,0.2510763371419109,-698.495538858213,-700.2027692137617,2083,0.08623116410001656,-171.4985129527372,-172.06758973792012,118,0.004884914720980295,-163.81231411909215,-163.88344871724001
84574,25711,16055,0.6244409007817665,1655.6073831744634,1653.5984103945175,6506,0.2530434444401229,-693.6963084127683,-694.7007948027413,2214,0.08611100307261484,-185.89876947092262,-186.23359826758042,122,0.004745050756485551,-177.98734618386533,-178.02919978344755
90028,27360,17062,0.6236111111111111,1734.0207332327973,1736.9505078913298,6934,0.2534356725146199,-729.9896333836014,-728.5247460543351,2363,0.08636695906432748,-191.66321112786727,-191.17491535144472,130,0.004751461988304093,-189.3329013909834,-189.2718644189306
95835,29129,18130,0.6224037900374197,1813.3330404914595,1814.0874760367897,7409,0.2543513337224072,-749.3334797542702,-748.9562619816052,2507,0.0860654330735693,-212.4444932514234,-212.31875399386809,144,0.004943527069243709,-195.93056165642793,-195.9148442492335
102016,31009,19268,0.621367989938405,1898.9688888065612,1899.0504495322457,7906,0.25495823793092326,-778.5155555967194,-778.4747752338772,2669,0.08607178561062917,-225.83851853223996,-225.8249250779586,160,0.005159792318359186,-201.85481481653,-201.85311563474482
108596,33013,20491,0.6206948777754218,2001.6718303877533,1999.5577893646368,8437,0.2555659891557871,-807.6640848061234,-808.7211053176816,2839,0.08599642565050132,-242.5546949353743,-242.90703510589356,173,0.005240359858237664,-212.1943368669218,-212.2383793882367
115600,35135,21792,0.6202362316778142,2110.1854174447,2111.9702520015308,8979,0.2555571367582183,-861.9072912776501,-861.0148739992346,3029,0.08621033157819838,-251.30243042588336,-251.00495799974442,186,0.005293866514871211,-224.03780380323542,-224.00061974996805
123056,37396,23182,0.619905872285806,2230.742428452202,2235.5251898064416,9543,0.25518772061183015,-932.6287857738989,-930.2374050967792,3232,0.08642635575997433,-259.8762619246327,-259.0791350322597,206,0.005508610546582522,-230.48453274057908,-230.38489187903247
130992,39814,24636,0.6187773145124831,2333.575641885087,2335.140333376661,10179,0.2556638368413121,-972.2121790574565,-971.4298333116694,3458,0.08685387049781484,-259.0707263524855,-258.80994443722284,225,0.005651278444768172,-239.6338407940607,-239.60124305465285
139441,42387,26193,0.617948899426711,2452.0665466600876,2450.935934868048,10877,0.2566116969825654,-993.4667266699562,-994.0320325659759,3673,0.08665392691155308,-283.8222422233184,-284.0106775219915,240,0.005662113383820511,-254.6027802779148,-254.62633469024894
148434,45126,27854,0.6172494792359172,2581.937147517183,2577.750607423397,11596,0.25696937463989716,-1040.0314262414086,-1042.1246962883015,3905,0.08653547843815096,-307.01047541380285,-307.7082320960999,246,0.005451402738997474,-280.50130942672536,-280.5885290120125
158008,48028,29606,0.6164320812859165,2703.887901726659,2704.2647292764923,12353,0.25720413092362787,-1098.0560491366705,-1097.8676353617539,4165,0.08672024652286166,-318.6853497122229,-318.6225451205846,264,0.005496793537103356,-296.46066871402786,-296.4528181400731
168199,51131,31517,0.6163970976511314,2879.789524470423,2877.1935094660694,13157,0.25731943439400756,-1161.6052377647884,-1162.9032452669653,4414,0.08632727699438697,-358.8684125882628,-359.3010817556551,289,0.005652148403121394,-307.60855157353285,-307.6626352194569
179047,54431,33500,0.6154581029192923,3015.8316992839173,3011.777452303839,14039,0.25792287483235654,-1203.0841503580414,-1205.1112738480806,4699,0.08632948136172401,-381.6947167860135,-382.37042461602687,303,0.00556668075177748,-332.0868395982517,-332.17130307700336
190595,57945,35614,0.614617309517646,3163.6933359677532,3157.494414465029,14953,0.25805505220467684,-1272.1533320161234,-1275.2527927674855,5025,0.08672016567434636,-383.38444400537446,-384.41759758916214,331,0.005712313400638536,-345.0480555006718,-345.17719969864527
202888,61678,37827,0.6132980965660365,3283.7128284993087,3279.5437655599962,15944,0.2585038425370472,-1327.6435857503457,-1329.7281172200019,5393,0.08743798437044002,-364.21452858344855,-364.909372406667,357,0.005788125425597458,-362.65181607293107,-362.7386715508334
215973,65651,40251,0.613105664803278,3479.8880550327303,3478.1628579522585,16954,0.2582443527135916,-1431.5559724836348,-1432.4185710238708,5750,0.08758434753469102,-378.51865749454464,-378.80619034128995,381,0.005803415027950831,-385.0648321868181,-385.10077379266124
229903,69880,42778,0.6121637092157985,3635.195346252498,3636.3896743949663,18069,0.2585718374356039,-1502.402326873751,-1501.8051628025169,6125,0.08765025758443046,-398.8007756245843,-398.6017209341726,408,0.005838580423583286,-407.47509695307303,-407.4502151167716
244731,74389,45502,0.6116764575407654,3834.611032843066,3834.781189017842,19258,0.2588823616394897,-1575.694483578467,-1575.609405491079,6505,0.08744572450227857,-439.564827859489,-439.53646849702545,438,0.005887967306994314,-430.0706034824361,-430.0670585621282
260515,79181,48375,0.6109420189186799,4020.260155930846,4023.6570235871113,20508,0.25900152814437805,-1669.369922034577,-1667.6714882064443,6951,0.0877862113385787,-441.45664067819234,-440.8904960688142,459,0.005796845202763289,-465.05708008477404,-464.9863120086018
277317,84282,51389,0.6097268693196649,4173.586724995774,4180.453900076653,21885,0.2596639851925678,-1722.7066375021132,-1719.2730499616737,7415,0.087978453287772,-454.2355458340371,-453.09101665389153,487,0.0057782207351510404,-496.65444322925464,-496.51137708173644
295203,89724,54697,0.6096139271543846,4436.353717871345,4440.247783992752,23300,0.2596852570103874,-1830.3231410643275,-1828.3761080036238,7867,0.0876799964335072,-509.77438035477644,-509.12536933454066,521,0.005806696090232268,-526.096797544347,-526.0156711668176
314243,95518,58180,0.6090998555246132,4677.643080744587,4677.877288478223,24849,0.26014991938692184,-1902.1784596277066,-1902.0613557608885,8382,0.08775309365773991,-535.0594865425683,-535.0204519202962,552,0.005779015473523315,-562.632435817821,-562.627556490037
334511,101678,61937,0.6091484883652314,4983.855728156086,4984.500648442059,26408,0.25972186707055606,-2068.572135921957,-2068.2496757789704,8910,0.087629575719428,-582.1907119739863,-582.0832252596556,598,0.005881311591494719,-588.5238389967483,-588.510403157457
356085,108250,65855,0.6083602771362586,5228.711542999961,5221.352064299579,28169,0.2602217090069284,-2144.1442285000194,-2147.8239678502105,9470,0.08748267898383372,-634.3814095000071,-635.6079892834023,638,0.005893764434180138,-625.0476761875009,-625.2009986604253
379052,115225,70050,0.6079409850292905,5513.398086965812,5509.47267075214,29961,0.2600216966804079,-2307.300956517094,-2309.26366462393,10099,0.08764591017574311,-657.1003188390314,-657.754554874642,686,0.005953569103927099,-658.5125398548789,-658.5943193593303
403499,122659,74443,0.6069102144971017,5744.102921743237,5738.4954074357665,31942,0.26041301494386876,-2407.4485391283815,-2410.2522962821167,10770,0.08780440081852942,-679.8161797094599,-680.7507654273704,744,0.006065596491085041,-687.2270224636825,-687.3438456784213
429523,130565,79199,0.6065867575537088,6069.311029905701,6066.138635337411,34015,0.2605215792900088,-2549.8444850471496,-2551.4306823312945,11439,0.0876115344847394,-749.2814950157153,-749.8102274437642,794,0.0060812622065637804,-729.5351868769644,-729.6012784304705
457226,138985,84325,0.6067201496564377,6478.656104468595,6475.877059184088,36158,0.26015757096089503,-2765.1719477657025,-2766.561470407956,12151,0.08742670072309962,-823.3906492552342,-823.8538234693187,867,0.006238083246393496,-754.7988311569043,-754.8567279336648
486716,147946,89634,0.6058561907723088,6766.750290977623,6765.5872748717375,38501,0.2602368431725089,-2932.6248545111885,-2933.2063625641313,12971,0.08767388101063901,-840.208284837061,-840.4021208547092,926,0.006259040460708637,-800.4010356046326,-800.4252651068387
518107,157494,95347,0.605400840666946,7135.1841875088285,7130.503482815693,41033,0.2605369093425781,-3072.9079062455858,-3075.2482585921534,13789,0.08755254168412765,-912.9693020818613,-913.7494195307172,980,0.0062224592682895855,-857.7461627602327,-857.8436774413397
551523,167647,101425,0.6049914403478738,7523.845813022082,7521.543413613224,43677,0.260529565098093,-3273.577093488959,-3274.728293193388,14690,0.0876245921489797,-960.192364496319,-960.5760977311274,1048,0.006251230263589566,-908.2740455620399,-908.3220122163909
587094,178449,107740,0.6037579364412241,7782.6016390075965,7786.061519835523,46686,0.261620967335205,-3292.6991804962017,-3290.9692400822387,15607,0.08745916200146821,-1052.5663934987351,-1051.9897466940783,1105,0.006192245403448604,-977.4457991873419,-977.3737183367598
624960,189964,114612,0.6033353688067212,8207.61555783944,8208.209732495205,49720,0.2617338021940999,-3482.1922210802804,-3481.8951337523977,16594,0.08735339327451518,-1140.0640736934256,-1139.9650445841326,1202,0.006327514686993325,-1014.7580092116782,-1014.7456305730166
665268,202214,121904,0.6028464893627543,8636.85965651038,8638.665277877837,53017,0.26218263819517934,-3616.57017174481,-3615.6673610610815,17579,0.08693265550357542,-1298.856723914938,-1298.5557870203593,1313,0.0064931211488818774,-1046.7320904893672,-1046.694473377545
708175,215255,129700,0.6025411720982091,9127.603442897045,9130.061095619458,56462,0.2623028501080114,-3824.1982785514774,-3822.969452190271,18709,0.08691551880327983,-1386.3994261838234,-1385.9898173967558,1401,0.006508559615339945,-1110.924928272978,-1110.8737271745945
753850,229141,137937,0.6019743302158933,9588.073329936728,9589.150377511964,60204,0.2627377902688737,-3970.4633350316362,-3969.924811244018,19899,0.08684172627334262,-1492.4877783438787,-1492.3082704146727,1489,0.006498182341876836,-1184.9359722929848,-1184.913533801834
802470,243925,146721,0.6015004612073384,10094.133667273767,10092.246441425174,64123,0.2628799836015169,-4190.4331663631165,-4191.376779287413,21201,0.08691606026442554,-1570.1443887877067,-1570.4589264291353,1605,0.006579891360049195,-1241.3930485984633,-1241.432365803642
854227,259659,156049,0.6009766655498172,10610.094935878296,10607.222731306829,68331,0.2631566785668897,-4388.452532060852,-4389.888634346586,22567,0.08691013983724809,-1672.8175106869494,-1673.2962114488582,1708,0.006577857882838646,-1321.9771888358687,-1322.0370264311073
909322,276401,165988,0.6005332831646774,11168.735295515973,11168.591934637137,72787,0.2633384104977913,-4622.632352242013,-4622.704032681431,24024,0.08691719639219829,-1779.2107840806675,-1779.2346775604783,1831,0.006624433341413381,-1394.4013480100834,-1394.4043346950598
967970,294234,176516,0.5999170728059979,11711.449295189843,11707.86358694802,77548,0.26355893608488484,-4854.275352405079,-4856.06820652599,25597,0.08699538462584201,-1870.4251174683595,-1871.0227355086608,1962,0.006668162075083097,-1471.428139683545,-1471.5028419385826
1030400,313214,187807,0.5996124055757406,12373.247873140295,12367.670627875545,82547,0.26354824496989276,-5169.876063429852,-5172.664686062228,27255,0.08701718313996182,-1983.9586878099508,-1984.8882286874068,2082,0.006647212448996533,-1572.8698359762438,-1572.9860285859259
1096857,333408,199831,0.5993587436414243,13082.417841021961,13080.48461019856,87879,0.26357795853728766,-5495.2910794890195,-5496.25769490072,29038,0.08709449083405317,-2086.763693163004,-2087.0858983002363,2240,0.006718495057107208,-1650.5954616453755,-1650.6357372875295
1167601,354909,212455,0.598618237350983,13661.692141815292,13661.213808669738,93705,0.26402542623602104,-5691.653929092354,-5691.893095665131,30930,0.08714910019188017,-2202.217976364118,-2202.2976985550413,2390,0.006734120577387443,-1751.5272470455147,-1751.5372123193802
1242907,377805,225935,0.5980201426661902,14320.249849826447,14316.56712843143,99783,0.2641124389566046,-6024.375075086777,-6026.216435784285,33041,0.08745516867166925,-2228.125025028923,-2228.738811928095,2578,0.006823625944601051,-1830.6406281286154,-1830.7173514910119
1323070,402166,240247,0.5973826728266437,14983.864881129382,14983.335744028678,106339,0.2644156890438277,-6292.567559435309,-6292.832127985661,35219,0.08757329063123188,-2324.855853145098,-2324.944042661882,2761,0.006865324269082916,-1931.9819816431373,-1931.9930053327353
1408403,428100,255653,0.597180565288484,15861.246509388962,15863.026039045275,113202,0.2644288717589348,-6693.876745305519,-6692.9869804773625,37471,0.08752861480962391,-2494.292248435173,-2493.9956601591184,2934,0.00685353889278206,-2061.6615310543966,-2061.62445751989
1499240,455719,271756,0.5963236116993147,16498.52859212621,16495.903892753267,120689,0.26483205659627973,-6939.735703936894,-6941.048053623366,39958,0.08768122461429083,-2584.911901312298,-2585.349351207784,3129,0.006866073172283798,-2188.8639876640373,-2188.918668900973
1595936,485091,289313,0.5964097458002725,17592.26957071817,17600.88073185354,128429,0.2647523866655947,-7431.365214640915,-7427.05963407323,42451,0.08751141538391766,-2835.7884048803026,-2834.3532113577385,3343,0.006891490462614231,-2317.848550610038,-2317.6691514197173
1698868,516385,307680,0.5958345033260067,18434.28221248649,18439.295249176328,136910,0.26513163627913283,-7712.858893756755,-7710.352375411836,45216,0.08756257443574078,-2991.6196312522516,-2990.784125137274,3578,0.006928938679473648,-2447.9524539065314,-2447.848015642159
1808439,549701,327309,0.5954309706549561,19407.95257905079,19407.134836928803,145795,0.2652260046825456,-8155.523710474605,-8155.932581535599,48217,0.08771495776795021,-3099.8412368248682,-3099.9775271785256,3818,0.006945594059315882,-2596.6051546031085,-2596.6221908973157
1925077,585155,348234,0.5951141150635302,20474.41028424038,20473.42487007135,155164,0.26516734882210696,-8715.79485787981,-8716.287564964325,51361,0.08777332501644863,-3265.598285959939,-3265.762521654775,4117,0.0070357426664729855,-2711.3247857449924,-2711.345315206847
2049237,622888,370538,0.5948709880427943,21639.18797827093,21642.18757161603,165192,0.26520337524563004,-9257.406010864535,-9255.906214191986,54755,0.0879050487407046,-3394.8020036215094,-3394.3020713973237,4393,0.007052632254915811,-2875.7252504526887,-2875.6627589246655
2181406,663074,394276,0.5946183985497848,22874.370058186585,22870.961004003533,175896,0.2652735592105859,-9804.814970906707,-9806.519497998233,58290,0.08790874020094289,-3610.2716569689,-3610.8398326660754,4743,0.007153047774456547,-2994.5339571211125,-2994.6049790832594
2322098,705838,419382,0.5941618331685175,24026.443957417796,24023.729407492734,187428,0.26553968474352474,-10249.778021291102,-10251.135296253633,62074,0.0879436924620097,-3818.592673763691,-3819.045098751216,5072,0.007185784840147456,-3164.5740842204614,-3164.630637343902
2471866,751371,446167,0.5938038598774773,25312.257050842163,25304.508701199433,199584,0.26562643487704474,-10843.371474578918,-10847.245649400284,66121,0.08800046847695746,-4021.457158192963,-4022.7485498000897,5415,0.007206825922214192,-3352.8071447741204,-3352.968568725011
2631292,799836,474687,0.5934804134847643,26688.719233900483,26677.998334421427,212528,0.26571447146665067,-11471.140383049758,-11476.500832789287,70379,0.08799178831660491,-4287.380127683253,-4289.1669442630955,5828,0.007286493731214899,-3505.2975159604066,-3505.520868032887
2801001,851413,505020,0.5931551432735934,28127.419311834034,28121.37561313162,226363,0.26586744623349656,-12083.290344082983,-12086.31219343419,74879,0.08794674265015921,-4603.09678136099,-4604.104064478059,6200,0.007282012372373924,-3735.2620976701237,-3735.3880080597573
2981655,906312,537270,0.592809098853375,29619.64654715458,29621.014060965215,240881,0.26578154101457335,-12944.17672642271,-12943.492969517392,79877,0.08813410834238099,-4731.392242140893,-4731.164323172459,6655,0.007342945917079328,-3921.0490302676117,-3921.0205403965574
3173961,964756,571578,0.5924586112965351,31186.028596351156,31193.00556254422,256458,0.2658267997296726,-13737.985701824422,-13734.49721872789,85192,0.08830419297729167,-4873.3285672748025,-4872.1657395759685,7156,0.007417419534058353,-4102.16607090935,-4102.020717446996
3378671,1026986,608157,0.5921765243148397,32911.531509890105,32915.35973308794,273091,0.26591501734200856,-14531.734245054948,-14529.820133456029,90750,0.08836537206933688,-5124.244748351644,-5123.60671115201,7673,0.0074713774092344,-4311.280593543956,-4311.200838894001
3596583,1093224,647130,0.5919463897609273,34783.28947430372,34786.72858329653,290736,0.26594366753748544,-15437.355262848141,-15435.635708351736,96727,0.08847866493966469,-5330.785087616052,-5330.211902783907,8221,0.007519959313004471,-4536.2231359520065,-4536.151487847988
3828549,1163732,688265,0.5914291262936827,36424.24274889694,36428.35908075271,309792,0.2662056212255055,-16128.37862555153,-16126.320459623646,103044,0.08854616011246576,-5596.126208517177,-5595.440153207877,8781,0.007545551724967604,-4799.015776064647,-4798.930019150985
4075477,1238801,732144,0.5910101783902337,38261.797149924445,38259.2545367796,330101,0.26646814137218167,-16840.101425037778,-16841.3727316102,109625,0.08849282491699635,-6022.033808345921,-6022.4575772034,9372,0.0075653797502585165,-5083.87922604324,-5083.932197150425
4338331,1318697,778763,0.5905549189844217,40127.82405059063,40126.42141464818,351798,0.26677697757710833,-17519.587974704686,-17520.28929267591,116787,0.08856242184520022,-6318.862658234895,-6319.096430891965,10022,0.007599926290876524,-5366.232832279362,-5366.262053861496
4618138,1403732,828623,0.5903000002849547,42348.468575668056,42356.100378045114,374508,0.2667945163321774,-18629.265712165972,-18625.449810977443,124440,0.08864940031288024,-6605.755237388657,-6604.483270325814,10713,0.007631798662422742,-5667.719404673582,-5667.560408790727
4915991,1494286,881376,0.5898308623650359,44389.6388277628,44387.44351735769,399071,0.2670646716893553,-19422.1805861186,-19423.278241321153,132539,0.08869721057414712,-6958.726862039533,-6959.092747107061,11474,0.007678583617861641,-5963.215857754942,-5963.261593388383
5233055,1590646,937843,0.5895988170843796,46873.9843398449,46880.69464822055,424879,0.2671109725231133,-20605.50783007755,-20602.152675889723,141082,0.0886947818684987,-7412.835943359183,-7411.717558629898,12267,0.007711961052302021,-6294.854492919898,-6294.714694828737
5570568,1693252,998027,0.5894143340743138,49593.72581733635,49592.39829634549,452290,0.2671132235485326,-21926.637091331824,-21927.300851827255,150260,0.08874048281059169,-7812.212363777275,-7812.433617275761,13118,0.007747222504388006,-6641.026545472159,-6641.05420215947
5929850,1802463,1061681,0.589016806447622,52077.12281690689,52074.46919975628,481841,0.2673236565743652,-22960.938591546554,-22962.26540012186,160051,0.08879572007858136,-8216.312863848842,-8216.755133373954,14029,0.007783238823765037,-7004.414107981105,-7004.469391671744
6312304,1918731,1129443,0.5886406171579028,54723.30348856258,54711.73037122958,513315,0.26752838204000456,-24044.84825571871,-24050.63481438521,170445,0.08883214999914006,-8674.949418572884,-8676.878271461726,14993,0.00781401874468073,-7396.99367732161,-7397.234783932716
6719425,2042475,1201676,0.5883430641745921,57640.73225444066,57632.48898411356,546744,0.26768699739286894,-25273.63387277967,-25277.75550794322,181569,0.08889655932141152,-9103.54462425987,-9104.91850264775,15984,0.007825799581390225,-7850.068078032484,-7850.239812830969
7152803,2174201,1278536,0.5880486670735594,60714.69903507526,60709.32124297647,582189,0.26777147099095255,-26721.65048246237,-26724.339378511766,193471,0.08898487306371398,-9499.216827487457,-9500.11312617056,17141,0.007883815709771085,-8230.277103435932,-8230.38914077132
7614133,2314420,1360087,0.5876578149169123,63720.616670280695,63720.00272199768,620241,0.26798982034375785,-27942.191664859653,-27942.49863900116,205994,0.08900458862263548,-10067.063888286531,-10067.166213000397,18339,0.007923799483239862,-8668.632986035816,-8668.64577662505
8105218,2463702,1447040,0.5873437615425892,67062.51014541765,67056.26155675761,660663,0.2681586490573941,-29325.744927291176,-29328.869221621193,219424,0.08906271943603569,-10572.248309097049,-10573.289740540407,19552,0.007936024730263645,-9197.531038637131,-9197.661217567551
8627975,2622580,1539419,0.5869864789634635,70437.99504392222,70443.55054772086,703624,0.26829458014626817,-30866.502478038892,-30863.724726139568,233690,0.08910690998939975,-11140.167492679611,-11139.241575379827,20904,0.007970776868579795,-9699.770936584951,-9699.655196922478
9184449,2791716,1637837,0.5866775130421575,74111.89393654442,74124.06623129942,749473,0.2684631961130717,-32389.553031727788,-32383.466884350288,248837,0.08913406664574763,-11783.85101057592,-11781.8222947834,22355,0.008007619686243157,-10222.60637632199,-10222.352786847925
9776813,2971796,1742473,0.5863366799066961,77893.23638134729,77892.56211803458,798385,0.2686540395101144,-33904.881809326354,-33905.21894098271,264866,0.08912657531001456,-12563.960603108746,-12564.07298032759,23897,0.008041265282004552,-10781.745075388593,-10781.759122540949
10407382,3163456,1853896,0.5860350199275729,81956.87531294487,81961.79802236403,850297,0.26878736419915433,-35672.56234352756,-35670.10098881798,281954,0.08912847215197556,-13369.187447842502,-13368.366996272642,25522,0.00806775880555949,-11393.398430980313,-11393.29587453408
11078621,3367494,1972600,0.585776841770171,86377.12497920939,86378.7933341011,905400,0.26886462158507185,-37711.437510395306,-37710.60333294945,300155,0.08913304671069941,-14215.479170131788,-14215.201110983093,27335,0.00811731216150645,-11961.309896266474,-11961.275138872887
11793152,3584686,2098925,0.5855254825666739,91047.56913588918,91048.8902167743,964229,0.26898562384543584,-39709.71543205541,-39709.05489161285,319730,0.08919330730780883,-14916.238477351784,-14916.018297204282,29187,0.008142135740759442,-12643.779809668973,-12643.752287150535
12553768,3815901,2232903,0.5851574765697538,95524.677435847,95517.33910866361,1027153,0.2691770567423002,-41536.1612820765,-41539.830445668194,340652,0.0892717080448366,-15577.720427358872,-15578.943481889379,31123,0.008156134029682635,-13405.715053419859,-13405.867935236172
13363441,4061991,2375776,0.5848796809249455,100544.4433657662,100548.91259137494,1093726,0.26925859756951703,-43889.7783171169,-43887.54370431253,362908,0.08934239391470833,-16297.259439038928,-16296.514568104176,33242,0.008183671504934403,-14158.657429879866,-14158.564321013022
14225335,4324001,2527814,0.584600697363391,105838.17089330172,105828.27891347324,1164647,0.2693447573208239,-46340.91455334914,-46345.86054326338,386883,0.08947338356304728,-16779.638184449694,-16781.286847754498,35481,0.008205594772064114,-14976.829773056212,-14977.035855969312
15142818,4602894,2689604,0.5843289026425549,111419.43137213727,111403.03666191362,1239963,0.269387693916045,-49129.28431393136,-49137.48166904319,412212,0.08955496259527158,-17485.428104643768,-17488.16055634769,37931,0.008240685099417888,-15781.178513080471,-15781.520069543461
16119475,4899760,2861815,0.5840724851829477,117346.8501891382,117331.64841175545,1320217,0.2694452381341127,-52017.0749054309,-52024.675794122275,439152,0.08962724704883504,-18259.35830181028,-18261.89193137409,40591,0.008284283311835682,-16585.419787726285,-16585.73649142176
17159123,5215749,3045136,0.58383484327946,123659.55289567402,123658.96917338064,1405627,0.26949667248174713,-55111.22355216299,-55111.51541330968,467725,0.08967551927824748,-19187.74118405429,-19187.83847110317,43351,0.008311557937316385,-17513.092648006786,-17513.104808887896
18265825,5552137,3239884,0.5835381943925375,129982.78159685805,129987.27807135414,1497086,0.26964140113977736,-57864.60920157097,-57862.36096432293,498119,0.08971662622878362,-20197.869733856933,-20197.120321440976,46311,0.008341112620239738,-18478.608716732117,-18478.515040180122
19443905,5910240,3447685,0.5833409472373372,137206.34108287236,137205.44918712182,1593815,0.26967009799940445,-61424.32945856382,-61424.77540643909,530341,0.08973256585180973,-21405.44315285457,-21405.591802146286,49476,0.008371233655486072,-19492.30539410682,-19492.323975268286
20697967,6291439,3668362,0.5830720126190526,144369.36392864678,144362.94840706605,1697507,0.26981220035670694,-64489.31803567661,-64492.52579646697,564610,0.08974258512241794,-22722.106011892203,-22723.17526548903,52859,0.008401734483955101,-20557.513251486525,-20557.64690818613
22032912,6697204,3903201,0.582810528095008,151923.41610936262,151922.3903966318,1807712,0.2699204026038329,-67926.79194531869,-67927.3048016841,601378,0.08979538326740533,-23834.930648439564,-23835.10160056129,56456,0.008429786519867097,-21695.616331054945,-21695.63770007016
23453955,7129123,4152870,0.5825218613846331,159648.60261595296,159662.29494407028,1925070,0.27002900637287364,-71540.69869202352,-71533.85252796486,640591,0.08985551238209805,-24945.899564007763,-24943.617509321542,60212,0.008445919645375735,-22980.11244550097,-22979.827188665193
24966651,7588912,4419142,0.5823156204736595,168372.1407494042,168394.48569965735,2049811,0.27010604418657114,-75573.9296252979,-75562.75715017132,681991,0.08986676878055774,-26470.64320843271,-26466.919050057186,64326,0.008476313864227179,-24231.70540105409,-24231.23988125715
26576910,8078407,4701933,0.5820371516315036,177003.80625207722,177006.57118431572,2183349,0.27026974501284723,-79115.59687396139,-79114.21440784214,726123,0.08988442894743977,-28031.865624653758,-28031.404802614008,68770,0.008512816945221997,-25499.35820308172,-25499.30060032675
28291026,8599450,5003615,0.5818529091976813,186843.9958282765,186838.79916250333,2324702,0.27033147468733465,-83683.50208586175,-83686.10041874833,773352,0.08993040252574293,-29443.16736195376,-29444.033472915995,73402,0.008535662164440749,-26947.39592024422,-26947.5041841145
30115695,9154075,5324288,0.5816303668038552,196852.66250183526,196851.87319171522,2475609,0.2704379197242758,-88108.66874908237,-88109.06340414239,823541,0.08996441475517734,-31031.556249693967,-31031.687801380758,78410,0.008565584179723237,-28411.569531211746,-28411.585975172595
32058049,9744480,5665332,0.5813888478400079,207195.5268471241,207194.63615266513,2635949,0.27050689210712114,-93119.23657643795,-93119.68192366743,876969,0.08999649032067386,-32720.412192145828,-32720.5606412224,83780,0.008597688127021658,-29931.17652401823,-29931.1950801528
34125678,10372963,6028431,0.5811676952862938,218264.33131499402,218263.91831827443,2807372,0.27064320965957367,-97711.33434250299,-97711.54084086278,933518,0.08999530799444672,-34843.11144750088,-34843.180280287634,89444,0.008622801411708497,-31601.13893093761,-31601.147535035954
36326662,11041994,6414618,0.580929314035128,229716.3919796059,229709.20827606134,2989282,0.2707194008618371,-103168.80401019705,-103172.39586196933,994343,0.09005103607192687,-36473.934670065646,-36475.131953989854,95507,0.008649434151114374,-33345.116833758206,-33345.26649424873
38669601,11754168,6825619,0.5806977575954334,241813.49080108013,241802.9788538022,3183311,0.2708240174889452,-108591.75459945993,-108597.0105730989,1058810,0.09007953604202357,-38490.918199819745,-38492.67019103281,101950,0.008673519044478521,-35212.61477497747,-35212.8337738791
41163651,12512250,7263096,0.5804788107654498,254658.7463406818,254658.48144602682,3388824,0.2708404963136127,-115394.6268296591,-115394.75927698659,1128143,0.0901630801814222,-39929.875609886134,-39929.91975899553,108906,0.008703950128873704,-37103.10945123577,-37103.11496987444
43818559,13319262,7728802,0.5802725406257494,268345.65473391116,268336.0150452377,3608757,0.2709427143936353,-121471.17263304442,-121475.99247738114,1200917,0.09016392950300099,-42492.39087768132,-42493.9974924603,116237,0.008726985023644704,-39189.173859710165,-39189.37468655754
46644699,14178296,8224013,0.5800424113024584,282383.96040568594,282379.6698184805,3842873,0.2710391291026792,-127941.51979715703,-127943.66509075975,1279120,0.09021676511761358,-44484.8399323856,-44485.55503025325,124125,0.008754578124197717,-41325.6049915482,-41325.694378781656
49653114,15092750,8751189,0.5798273343161452,297353.5052380543,297346.13735295646,4092707,0.271170396382369,-134210.74738097284,-134214.43132352177,1361524,0.09021046528962581,-47448.58246032405,-47449.810441173846,132630,0.008787662950754501,-43491.572807540506,-43491.72630514673
52855561,16066153,9311974,0.5796019744116715,312896.56696417555,312902.73271965794,4358116,0.2712607056586602,-141422.71651791222,-141419.63364017103,1450192,0.0902637986828583,-49654.238839304075,-49653.21121339034,141760,0.008823518610833596,-45720.77985491301,-45720.65140167379
56264555,17102373,9908565,0.5793678456200201,329079.3678201996,329079.88824915886,4640605,0.2713427545990255,-149137.8160899002,-149137.55587542057,1544625,0.09031641398535747,-51955.93869663309,-51955.851958473446,151421,0.008853800580773206,-48151.61733707914,-48151.60649480918
59893417,18205377,10544859,0.5792167336056815,347530.9021655228,347552.58379031904,4940886,0.2713970713157986,-157778.0489172386,-157767.20810484048,1644397,0.09032479799786623,-55157.68297241279,-55154.069368280005,161747,0.00888457294787139,-50697.3353715516,-50696.883671035
63756327,19379570,11221356,0.579030184880263,366336.9128134567,366353.4639698677,5260993,0.27147109043183104,-166516.54359327164,-166508.26801506616,1751252,0.0903658853111808,-57917.847864423646,-57915.08933835523,172643,0.00890850519387169,-53503.230983052956,-53502.886167294404
67868381,20629485,11940445,0.5788048029313383,385316.18633028306,385332.4772765562,5602651,0.2715846275367514,-174913.40683485847,-174905.2613617219,1864777,0.09039377376604409,-61077.802278285846,-61075.087120573735,184351,0.008936287066788144,-56380.85028478573,-56380.51089007172
72245648,21960068,12705576,0.5785763504921752,405182.8483342789,405169.240128953,5966390,0.27169269239057003,-183806.57583286054,-183813.3799355235,1985983,0.09043610429621621,-64082.52527761995,-64084.79331184109,196932,0.008967731793908834,-59326.19065970249,-59326.474163980136
76905232,23376421,13520518,0.5783827216321951,426793.80750520155,426774.989277469,6353455,0.27178903904921975,-193407.09624739923,-193416.5053612655,2114437,0.09045169917157121,-67850.36541579943,-67853.50178708835,210155,0.008990041717677826,-62630.92067697493,-62631.31272338604
81865343,24884106,14387719,0.5781891059297047,449496.667272564,449482.30347667076,6765860,0.27189483921986185,-203251.166363718,-203258.34826166462,2251145,0.09046517483891123,-71892.05545457266,-71894.44942055456,224355,0.009015995993587232,-66024.63193182158,-66024.93117756932
87145364,26489032,15310342,0.577987976306571,473154.31853555515,473144.3977320809,7204810,0.27199219661934043,-213783.84073222242,-213788.80113395955,2396373,0.09046661274749489,-76491.61357740732,-76493.26704465318,239652,0.009047216221415716,-69456.07669717591,-69456.28338058165
92765927,28197470,16292493,0.5777998167920739,498360.0000617597,498354.72140901163,7672923,0.2721138811389816,-224143.49996912014,-224146.13929549418,2550836,0.09046329333801933,-81519.49998970656,-81520.37976516457,255610,0.009064997675323353,-73434.43749871332,-73434.54747064557
98748995,30016108,17336879,0.5775858415754634,524081.33733840287,524074.15129828453,8170863,0.27221593818892176,-235535.83133079857,-235539.42435085773,2716354,0.09049654272299393,-85778.94377693255,-85780.14145028591,272795,0.00908828686250729,-77471.61797211657,-77471.76768128574
105117951,31952005,18448675,0.5773870841595073,551512.1896182224,551523.7574158013,8700970,0.2723137405618208,-247611.4051908888,-247605.62129209936,2891985,0.0905102825315657,-90875.46839696309,-90873.54043069948,291228,0.009114545393943197,-81629.55854962039,-81629.31755383743
111897681,34012812,19632293,0.5772028787269926,580827.5185127929,580830.0151393414,9264432,0.2723806546780078,-261300.74074360356,-261299.49243032932,3079837,0.09054932006209895,-95407.24691453483,-95406.83081010962,310790,0.00913743915087056,-86115.53086431685,-86115.4788512637
119114679,36206509,20892337,0.5770326269235181,612120.5109118186,612127.118367035,9864090,0.27243968757109394,-276018.2445440907,-276014.9408164825,3279788,0.09058559056328794,-100248.08151469659,-100246.98027216084,331831,0.00916495429040121,-90673.51018933707,-90673.3725340201
126797148,38541694,22232152,0.5768338049697556,643934.38293406,643944.1030808575,10503679,0.272527694293873,-290429.80853297,-290424.9484595712,3492772,0.09062320924451323,-105264.26951099001,-105262.64948652359,354025,0.009185506999251252,-95729.53368887375,-95729.33118581545
134975108,41027526,23659415,0.5766717447208491,678834.9920728654,678827.7745330706,11184007,0.27259764578541734,-306283.0039635673,-306286.6127334647,3718889,0.09064375463438863,-111207.66798785562,-111208.8709111549,377934,0.009211718006101563,-100828.08349848195,-100828.23386389436
143680517,43673583,25178777,0.5765218988329857,716032.2359888852,716064.2451492772,11906432,0.27262320107786897,-324940.3820055574,-324924.3774253614,3960637,0.09068724679630705,-116487.12733518565,-116481.79247512063,403488,0.00923871989161045,-106152.5159168982,-106151.84905939008
152947394,46490417,26794441,0.5763433139349987,753937.110786926,753946.0645551793,12677756,0.27269611283546885,-342495.944606537,-342491.46772241034,4217551,0.09071871736491414,-122532.98153551202,-122531.48924080282,430474,0.009259413612056868,-112036.497691939,-112036.31115510035
162811952,49488901,28512785,0.5761450431077465,792762.0667137206,792760.9819054753,13499244,0.2727731618045024,-360767.4666431397,-360768.00904726237,4491329,0.09075426831563707,-128674.8222143799,-128675.00301575381,458896,0.009272705409239135,-118604.47777679749,-118604.50037696923
173312737,52680769,30343013,0.5759789307555476,835148.3423082009,835140.4778017513,14373694,0.27284518189170703,-380238.32884589955,-380242.2610991243,4782258,0.09077805982672728,-135719.44294863287,-135720.7536997078,489710,0.009295802041158511,-125037.18036857911,-125037.34421246347
184490786,56078440,32290887,0.5758164278464237,879871.063651476,879890.3464822173,15304828,0.2729182195510432,-400679.968174262,-400670.32675889134,5092052,0.09080231190453943,-143117.322724754,-143114.10891962983,522845,0.009323458355831581,-131551.16534059425,-131550.76361495373
196389779,59695330,34363173,0.5756425670148737,926259.3651642464,926261.9364854023,16296549,0.2729953750150975,-421907.8174178768,-421906.53175729886,5422548,0.09083705542795391,-150270.93913929164,-150270.5105857663,558026,0.009347900413650448,-138576.36739241146,-138576.3138232208
209056213,63545469,36568707,0.575473083690672,975232.7647302151,975232.6789379716,17351272,0.2730528592054297,-445465.11763489246,-445465.1605310142,5774681,0.09087478762647892,-157564.7058782978,-157564.72017700505,595335,0.009368645937604144,-146195.71323478722,-146195.71502212563
222539588,67643997,38917066,0.5753217983260215,1027940.4957244918,1027899.2650200874,18473962,0.273105712543864,-470600.7521377541,-470621.3674899563,6149232,0.0909058049896135,-165622.2507125847,-165629.1224966515,635365,0.00939277730734924,-153991.7813390731,-153992.64031208144
236892591,72006732,41415398,0.5751600836432904,1082560.1795578822,1082549.6204311028,19671107,0.2731842767145716,-495311.9102210589,-495317.1897844486,6547320,0.09092649837240219,-174819.63674035296,-174821.3965948159,677978,0.009415480763659709,-162289.45459254412,-162289.674574352
252171312,76650913,44075061,0.5750102546071434,1140900.049967967,1140885.7317136005,20943893,0.27323735856871006,-523187.4750160165,-523194.6341431998,6971971,0.09095744234644668,-183722.49167200457,-183724.87804773264,723639,0.009440709466826572,-170822.68645900057,-170822.98475596658
268435455,81594634,46904916,0.5748529492760517,1201656.0285997614,1201633.6776135713,22300589,0.2733095046421803,-551040.9857001193,-551052.1611932144,7423339,0.09097827438015103,-193870.99523337279,-193874.7203977378,772494,0.00946746081366086,-179657.2494041716,-179657.71504971723
268435456,81594634,46904916,0.5748529492760517,1201655.8583418503,1201633.6776135713,22300589,0.2733095046421803,-551041.0708290748,-551052.1611932144,7423339,0.09097827438015103,-193871.0236096913,-193874.7203977378,772494,0.00946746081366086,-179657.2529512114,-179657.71504971723
